"","Y_mean_mean","Y_pred_mean","Y_mean_cred_lower","Y_mean_cred_upper","Y_pred_cred_lower","Y_pred_cred_upper","dsid","x","dfnames"
"1",50.4575793369516,51.5337294318745,29.2996694452295,75.7474539654038,-226.112044641449,327.995884703606,1,68,"1Dg"
"2",50.4575793369516,52.2113634130883,29.2996694452295,75.7474539654038,-225.223290233923,332.506457973154,1,68,"1Dg"
"3",74.2627557884269,74.0280309817637,45.361401766346,106.890582776071,-208.977052619454,351.757026183954,1,110,"1Dg"
"4",74.2627557884269,74.6694205556984,45.361401766346,106.890582776071,-207.447077125611,359.481993197682,1,110,"1Dg"
"5",76.3166371341684,75.6443882357204,46.8343579513643,109.445017663801,-202.459403496586,356.127911147133,1,114,"1Dg"
"6",77.8353617246765,77.3252665545476,47.9255533059493,111.323926105977,-205.254909778082,355.918080523822,1,117,"1Dg"
"7",78.3375451759364,77.7528605982291,48.2843527436365,111.941496710698,-202.848632323222,352.804130138528,1,118,"1Dg"
"8",78.3375451759364,76.3144607485044,48.2843527436365,111.941496710698,-205.932508094833,359.155414262118,1,118,"1Dg"
"9",78.8377218119771,79.1685255088602,48.6374120159824,112.550531711353,-200.41236450012,359.689730467396,1,119,"1Dg"
"10",79.3359047784882,78.1915699557193,48.9940615803163,113.165944792491,-202.559370344808,359.343608766716,1,120,"1Dg"
"11",79.3359047784882,79.3901083737464,48.9940615803163,113.165944792491,-199.759341541175,360.448927613009,1,120,"1Dg"
"12",79.3359047784882,78.2975998335522,48.9940615803163,113.165944792491,-201.667583249745,356.569463608223,1,120,"1Dg"
"13",79.8321070974758,80.1348007356788,49.3554682213975,113.77277675297,-200.197899736478,363.138351857949,1,121,"1Dg"
"14",79.8321070974758,79.7181767068694,49.3554682213975,113.77277675297,-200.342464079367,361.295245498258,1,121,"1Dg"
"15",79.8321070974758,78.5649967018779,49.3554682213975,113.77277675297,-199.789942621211,360.251128752744,1,121,"1Dg"
"16",80.3263416688123,79.5425837461607,49.7165294702583,114.363432329049,-201.614884647228,362.378016711282,1,122,"1Dg"
"17",80.3263416688123,78.5359703260772,49.7165294702583,114.363432329049,-199.338580510389,354.98897985767,1,122,"1Dg"
"18",80.8186212717621,79.638703800554,50.076912740661,114.96797807171,-201.152409398358,363.431941023645,1,123,"1Dg"
"19",81.3089585664829,80.4121281294254,50.4342547458287,115.571940725899,-203.229293395907,364.057231379844,1,124,"1Dg"
"20",82.2838562851767,82.4382164468627,51.1460538768778,116.732795758665,-195.091585453173,363.866654411961,1,126,"1Dg"
"21",82.768441447114,82.0177299350139,51.4926157957297,117.314052598342,-200.583982203257,362.063552544167,1,127,"1Dg"
"22",83.2511337795918,82.6278987125414,51.8422408019213,117.910949604846,-195.887009109893,364.016913685055,1,128,"1Dg"
"23",83.7319453689404,84.3486259035455,52.1969584149823,118.484682819603,-193.302904144282,360.123607763004,1,129,"1Dg"
"24",83.7319453689404,83.2924094276626,52.1969584149823,118.484682819603,-200.564700555596,366.221900087566,1,129,"1Dg"
"25",83.7319453689404,84.8167634711757,52.1969584149823,118.484682819603,-199.614476466374,363.2430789176,1,129,"1Dg"
"26",84.2108881909091,87.0024637799219,52.5514486394468,119.079417577344,-196.969287997319,369.877069505811,1,130,"1Dg"
"27",84.2108881909091,87.3456325280342,52.5514486394468,119.079417577344,-194.375243292537,367.208394692609,1,130,"1Dg"
"28",84.6879741120114,83.8727771235517,52.9054371892398,119.652672010496,-192.781494727052,364.712643475411,1,131,"1Dg"
"29",85.1632148908487,83.6501295749375,53.258765394359,120.218355644643,-196.916360777086,362.77124259714,1,132,"1Dg"
"30",85.1632148908487,87.0908364875941,53.258765394359,120.218355644643,-195.32876546419,369.730962760793,1,132,"1Dg"
"31",85.1632148908487,83.967961277317,53.258765394359,120.218355644643,-196.272355988779,364.418990919714,1,132,"1Dg"
"32",86.1082075243769,85.6764369752806,53.9635238894341,121.338495681113,-195.942021164815,365.659992667123,1,134,"1Dg"
"33",86.1082075243769,84.3816695303656,53.9635238894341,121.338495681113,-194.089807531152,367.243315825093,1,134,"1Dg"
"34",86.1082075243769,86.5975889428661,53.9635238894341,121.338495681113,-190.767099050783,367.899917616223,1,134,"1Dg"
"35",86.1082075243769,86.689179834438,53.9635238894341,121.338495681113,-195.48244531267,371.850209573483,1,134,"1Dg"
"36",87.5121458108828,86.5320858454683,55.0136586695671,123.011030065875,-192.06600935108,366.255151431084,1,137,"1Dg"
"37",87.5121458108828,87.7588610355543,55.0136586695671,123.011030065875,-190.35741015855,369.856240730355,1,137,"1Dg"
"38",87.5121458108828,88.6383926094231,55.0136586695671,123.011030065875,-194.329587606028,372.14113920896,1,137,"1Dg"
"39",87.9765567854798,87.3178184810755,55.3592368797456,123.5601338271,-189.009945181055,361.246309033152,1,138,"1Dg"
"40",87.9765567854798,85.5923663589332,55.3592368797456,123.5601338271,-194.292592684917,366.80741390177,1,138,"1Dg"
"41",87.9765567854798,88.3897191207107,55.3592368797456,123.5601338271,-190.198868144025,368.830861978492,1,138,"1Dg"
"42",88.9000924356598,87.9816134040828,56.0581928207628,124.619098307744,-188.789493253853,367.332364521172,1,140,"1Dg"
"43",88.9000924356598,89.3293334572803,56.0581928207628,124.619098307744,-185.941815805996,364.888494484336,1,140,"1Dg"
"44",89.3592388956004,89.0722489409156,56.4074073611303,125.159135385074,-188.571929704844,369.705162672952,1,141,"1Dg"
"45",89.8166521413741,91.1645449440876,56.7559881558112,125.695671784575,-190.411342673198,371.016679429496,1,142,"1Dg"
"46",89.8166521413741,90.4488651465794,56.7559881558112,125.695671784575,-190.193616934132,370.673630346006,1,142,"1Dg"
"47",90.7263215105536,87.7352791379138,57.4470744697819,126.759434699426,-196.922051458486,369.940550146716,1,144,"1Dg"
"48",91.1785986613514,90.9113575322884,57.7914792339063,127.306121742259,-187.971936739022,367.357646079684,1,145,"1Dg"
"49",91.1785986613514,90.9803183384485,57.7914792339063,127.306121742259,-191.278433150791,372.719360606364,1,145,"1Dg"
"50",93.4148214414215,92.7231103856329,59.4954914633141,129.947414620147,-187.91278277502,374.780329319723,1,150,"1Dg"
"51",95.6100247021948,94.8466818461253,61.1927216018395,132.545712782783,-184.489583324572,374.703942142074,1,155,"1Dg"
"52",96.0442504508326,97.8223662754515,61.5246220328082,133.042451655293,-180.266172829958,381.854913206386,1,156,"1Dg"
"53",96.0442504508326,96.1911426556295,61.5246220328082,133.042451655293,-184.909994364799,374.091068384758,1,156,"1Dg"
"54",96.9079630346897,96.308804244521,62.1733412152209,134.066501729442,-182.336391876541,374.612568941192,1,158,"1Dg"
"55",97.7654190620066,98.4440789793868,62.8409603671931,135.034275560317,-178.893001315867,378.991506362287,1,160,"1Dg"
"56",98.1918238229394,98.1487429549291,63.1694970212441,135.530518369674,-184.31035718288,379.806505110315,1,161,"1Dg"
"57",101.548483530275,102.340914675788,65.7802744792603,139.32087100526,-181.351634066452,383.109741307986,1,169,"1Dg"
"58",101.548483530275,100.70911785023,65.7802744792603,139.32087100526,-178.710802258709,381.767196892751,1,169,"1Dg"
"59",102.372806780958,102.976920972499,66.4302331992535,140.246667765975,-181.786443771694,383.982032701096,1,171,"1Dg"
"60",102.372806780958,102.159624235221,66.4302331992535,140.246667765975,-178.999166761241,379.35836973877,1,171,"1Dg"
"61",103.191328878427,103.955034958213,67.0844501081358,141.159230205342,-179.537059118634,379.106401811926,1,173,"1Dg"
"62",110.690128082016,110.778746135149,73.2021286170725,149.39501981139,-171.446434605286,392.811195503351,1,192,"1Dg"
"63",114.446594038533,113.403478898151,76.2997339661117,153.43253618942,-166.744097066092,396.26500233711,1,202,"1Dg"
"64",115.183007837711,115.676313684787,76.9167618749124,154.246072483199,-169.705510022292,396.420614834534,1,204,"1Dg"
"65",125.00705965828,125.003855626158,85.2477910751005,164.733814332312,-153.307565961584,407.936520666752,1,232,"1Dg"
"66",127.001287675201,126.348446847656,86.969747908835,166.831736349661,-155.854228698927,408.198414621105,1,238,"1Dg"
"67",230.283820049387,230.117862947211,197.233428713654,258.896617110015,-52.8997401638533,508.767780275887,1,828,"1Dg"
"68",236.139650912546,235.647720051067,204.622608420198,263.844129546205,-46.4752585412139,513.664468243003,1,893,"1Dg"
"69",240.520621441201,241.246502265557,210.226630972118,267.541558472934,-38.8035097782177,520.460621429247,1,946,"1Dg"
"70",241.507076710888,242.174727448539,211.523547629462,268.462861182851,-38.3699362789394,523.250340022472,1,958.5,"1Dg"
"71",252.110735575182,250.894408947056,224.833912762796,277.492269509434,-29.8309515324148,529.94324468377,1,1108,"1Dg"
"72",256.953676332424,259.853764503245,230.658902506216,281.708966264868,-20.7974631522596,541.603605948157,1,1187,"1Dg"
"73",257.649948856311,258.99239367756,231.481035226225,282.40033949837,-22.8850087577905,540.023525911403,1,1199,"1Dg"
"74",258.16574544744,258.710490677374,232.100823227125,282.841511162421,-21.9974710561088,534.783005943253,1,1208,"1Dg"
"75",260.257787952656,263.535409756578,234.549975928581,284.811139774337,-19.5231620622897,544.150813470505,1,1245.5,"1Dg"
"76",261.310626616422,262.0389093646,235.683950474357,285.688446514636,-16.2538404004394,543.14012081548,1,1265,"1Dg"
"77",261.417300959464,260.480046540549,235.806288060728,285.792068867743,-22.5371270450729,540.728258873078,1,1267,"1Dg"
"78",266.413141367228,267.091280215072,241.609006654515,290.501028398059,-11.05406478006,546.21954726053,1,1366,"1Dg"
"79",267.963295433001,266.620236629021,243.392304988188,291.942424679245,-10.1565349924806,546.868976118059,1,1399,"1Dg"
"80",268.376819105541,268.740060362868,243.865099838086,292.352489852482,-11.2084177253011,550.0663479938,1,1408,"1Dg"
"81",268.650355841016,270.329106611158,244.184092173876,292.606162759343,-12.6426359906114,548.58039856535,1,1414,"1Dg"
"82",272.806464017861,272.079481477683,248.544008027665,296.69551699381,-7.18520656202691,544.931814146006,1,1510,"1Dg"
"83",273.582779095666,275.134696774618,249.385283700835,297.479428657414,-3.65484680133523,554.329764812728,1,1529,"1Dg"
"84",274.26526273814,276.269901521556,250.014473264921,298.212831692583,-3.73806965421419,558.850894012756,1,1546,"1Dg"
"85",274.305059004015,277.913152263995,250.048596098186,298.239213256246,1.34733305504541,559.496022225052,1,1547,"1Dg"
"86",274.779626661228,273.935019222688,250.562370362579,298.734288800196,-5.45586787336927,550.393491117511,1,1559,"1Dg"
"87",274.818926702629,273.02498076764,250.603061194216,298.783304823167,-5.78438911734716,548.478097574743,1,1560,"1Dg"
"88",275.248745673857,274.385886303529,250.99018299419,299.236874350847,-2.71319841085361,555.845481438028,1,1571,"1Dg"
"89",275.750918797992,275.437364915077,251.481404561165,299.75184814591,-4.45169052211851,553.81835508608,1,1584,"1Dg"
"90",275.942414016223,276.171968876545,251.666081060054,299.986677906137,-3.87563136113186,556.04480611281,1,1589,"1Dg"
"91",276.208987315139,275.960355144367,251.932988779666,300.242315257974,-2.88276987493013,553.41173238895,1,1596,"1Dg"
"92",276.322694044381,277.274780629243,252.017292522632,300.350902648629,-2.4328831160984,553.338093934044,1,1599,"1Dg"
"93",277.035430072891,278.628282958764,252.796892999433,301.113155734381,5.74428933139718,552.549299540147,1,1618,"1Dg"
"94",277.36864187562,279.121710872519,253.113311053129,301.446880077156,0.903580315720422,555.944102373007,1,1627,"1Dg"
"95",278.135387475815,277.057175798284,253.84971202429,302.264542484568,-6.69516297430668,552.217158579277,1,1648,"1Dg"
"96",278.207637747066,278.385013441486,253.894206518375,302.33925612095,3.48976567003227,556.560310609046,1,1650,"1Dg"
"97",279.029056719774,280.06843147507,254.690012343142,303.2227840539,-0.261836972468337,559.781281073501,1,1673,"1Dg"
"98",279.345817637932,278.328938545362,255.00428677363,303.574755348392,-0.613254986046902,555.591402561682,1,1682,"1Dg"
"99",280.074969809484,277.714394921134,255.592372099141,304.384172607763,1.22341748014459,554.154323670219,1,1703,"1Dg"
"100",280.587431755443,280.237597435026,256.090278740981,304.966139602441,0.198085082248271,558.165352034667,1,1718,"1Dg"
"101",280.689102726453,282.88940756658,256.181504109028,305.079359931118,7.02183838063437,558.581118275657,1,1721,"1Dg"
"102",280.958902322889,281.126146829695,256.437055723141,305.397290512964,0.0346806494173671,560.951835633442,1,1729,"1Dg"
"103",282.763186528742,283.971287366017,257.994720076204,307.280217299051,5.58165665183956,560.880393069174,1,1784,"1Dg"
"104",282.843160821569,282.218037425873,258.073998412329,307.359539882612,3.87856510559972,559.964542473455,1,1786.5,"1Dg"
"105",283.050287485642,283.740666254093,258.267772361478,307.565344171876,5.05688359878354,561.825803892435,1,1793,"1Dg"
"106",283.303625203141,283.533716116383,258.522113098773,307.796350371651,1.79016104264745,564.801048286664,1,1801,"1Dg"
"107",283.523872196084,284.02656773697,258.719988518453,307.980777731648,4.71487666508062,565.111098372018,1,1808,"1Dg"
"108",284.269086596495,285.395966209767,259.371330067755,308.827836852962,2.16360552637954,566.627730659485,1,1832,"1Dg"
"109",284.696838796343,284.954963029015,259.758051510827,309.360400600327,4.48992266985545,565.526662693867,1,1846,"1Dg"
"110",284.696838796343,285.724515203311,259.758051510827,309.360400600327,7.99148458889559,566.111750863198,1,1846,"1Dg"
"111",285.269358475149,284.997664602649,260.190670819286,309.979821285206,6.31888879648043,567.727771447174,1,1865,"1Dg"
"112",285.388733216269,285.171032477455,260.299342341591,310.11267213931,7.07229400762818,561.193019264907,1,1869,"1Dg"
"113",286.242438190451,287.751566827877,261.069166899152,311.154325142125,8.30078726997279,565.465833150686,1,1898,"1Dg"
"114",286.300563475699,287.055273585609,261.113573659717,311.221422783182,8.33988187025004,567.016227674088,1,1900,"1Dg"
"115",286.79079382793,287.855120891785,261.540618310052,311.780620129944,5.50987998726203,568.611458087548,1,1917,"1Dg"
"116",286.876599218666,285.003810105135,261.590268845892,311.875158099173,6.00382375309338,564.554998324666,1,1920,"1Dg"
"117",286.933686236546,288.237556792333,261.629704201652,311.961732131729,10.6465575736365,570.273499229841,1,1922,"1Dg"
"118",286.933686236546,287.036647225549,261.629704201652,311.961732131729,6.57017475683035,563.06024284125,1,1922,"1Dg"
"119",287.019142474535,288.612119100421,261.710915934081,312.067245408785,9.30927599865418,568.500516480398,1,1925,"1Dg"
"120",287.611542086615,288.628979162633,262.203560219816,312.742212731038,6.99616708164995,568.486694954675,1,1946,"1Dg"
"121",287.66743787316,288.533348336918,262.244294353102,312.800816573801,12.099740231386,566.112803959829,1,1948,"1Dg"
"122",288.138937531049,288.278281294796,262.611821506488,313.387519180034,7.03871819513704,563.992397431893,1,1965,"1Dg"
"123",288.303820456399,288.800821668298,262.756828153222,313.579595924183,5.91360588659167,569.719468623547,1,1971,"1Dg"
"124",288.303820456399,288.687747765838,262.756828153222,313.579595924183,7.02299880864612,568.141272094598,1,1971,"1Dg"
"125",288.33122415038,286.653748415112,262.772548634168,313.603677273962,6.29602345983386,568.065214769992,1,1972,"1Dg"
"126",288.739669841141,291.974924831368,263.107227077438,314.088743958137,11.3660015879689,572.850657718477,1,1987,"1Dg"
"127",288.766726756839,289.203747910803,263.126608612573,314.122641603228,12.9522077946521,568.250278399206,1,1988,"1Dg"
"128",288.847768890837,288.152207941301,263.173793854447,314.199043375077,12.3875911347941,568.835562556629,1,1991,"1Dg"
"129",289.356596605504,289.580435533614,263.605736087261,314.832416678693,12.1583529629484,568.194662778707,1,2010,"1Dg"
"130",290.429110740651,291.17182814046,264.375310858544,316.121952105637,10.0020327403363,570.114936344058,1,2051,"1Dg"
"131",290.660004333957,290.417912184639,264.532262352213,316.379179788037,11.0506778599332,569.708563673013,1,2060,"1Dg"
"132",291.14222623124,291.330668474391,264.962108194344,316.967652572054,12.3356422777523,569.532961386629,1,2079,"1Dg"
"133",291.14222623124,292.174942624619,264.962108194344,316.967652572054,17.6404108499518,567.668249111667,1,2079,"1Dg"
"134",291.167412280791,290.562717847787,264.989431177587,316.990726286634,7.69854506610801,568.823451682308,1,2080,"1Dg"
"135",291.790865293898,291.52985498929,265.541966889147,317.757894073013,7.46152323009356,571.702673642867,1,2105,"1Dg"
"136",292.06146160882,292.673595451893,265.777469416404,318.074583373652,13.5969754885298,572.404600092179,1,2116,"1Dg"
"137",292.256853732855,290.558168372277,265.930909420802,318.312364862485,13.3199718273484,570.007652756263,1,2124,"1Dg"
"138",292.620065413611,293.52210435485,266.235783978385,318.75384244195,16.8052326003348,573.803001301333,1,2139,"1Dg"
"139",292.764212719388,291.601667130287,266.336256523983,318.919565095208,16.9942603966403,567.827360488517,1,2145,"1Dg"
"140",293.381472238056,292.08460683186,266.828173069687,319.760434383514,13.8433605513872,573.449445723141,1,2171,"1Dg"
"141",293.522237975386,292.816621276636,266.912296598184,319.950333560547,16.268553394604,573.834546449453,1,2177,"1Dg"
"142",293.825106662148,294.835027851664,267.171202694919,320.327041851014,14.9249545209654,574.802955488707,1,2190,"1Dg"
"143",293.848284768642,294.805958013315,267.184779741955,320.357996984363,15.5965223767681,569.665706933627,1,2191,"1Dg"
"144",293.917717315014,295.490583951904,267.236681004907,320.437565286959,21.8917826369271,572.064310277314,1,2194,"1Dg"
"145",294.102127730538,293.800061511339,267.348278147637,320.711705549351,15.8583044931925,573.703718922795,1,2202,"1Dg"
"146",294.239730700992,294.168159097541,267.450203449317,320.88735922271,14.7242116209131,575.13049920019,1,2208,"1Dg"
"147",294.716644065818,294.596483243207,267.808122721006,321.495978850278,17.6914914395831,572.437638639134,1,2229,"1Dg"
"148",295.097450538425,295.952643642177,268.081612512308,322.038721292954,16.1741832753222,574.439059824641,1,2246,"1Dg"
"149",295.119706251645,296.154409917133,268.106008717419,322.08743564845,14.8505880968816,578.968278309379,1,2247,"1Dg"
"150",295.407584098137,299.646039446146,268.333378458543,322.427535505218,21.295924909669,578.444653073898,1,2260,"1Dg"
"151",295.517595964576,296.607608968406,268.394347321029,322.566783238477,14.9498226068292,579.602123429127,1,2265,"1Dg"
"152",296.169520768794,295.605548936709,268.827845191624,323.458101531881,19.7250758912246,575.532882204978,1,2295,"1Dg"
"153",296.469055937975,296.27822570269,269.086962341492,323.862263403596,19.5872814243519,574.457258192179,1,2309,"1Dg"
"154",296.532859674526,296.639820597691,269.144334396426,323.940192773208,18.6288965353013,572.075880987456,1,2312,"1Dg"
"155",296.723468568417,296.819817546682,269.290395463519,324.183967727576,19.2259298963628,576.492619441727,1,2321,"1Dg"
"156",297.246704716571,298.307365936836,269.684933779985,324.832052175121,22.2778464135022,576.72761469297,1,2346,"1Dg"
"157",297.391591697356,296.283260892037,269.782018790821,325.029133903575,15.5312321406404,573.625668471527,1,2353,"1Dg"
"158",297.474070191193,298.324744658129,269.837141739284,325.142206783647,18.5450624488381,580.454763977269,1,2357,"1Dg"
"159",297.760961724097,296.954678041063,270.077567857918,325.502813026125,15.0058778829479,581.840991134107,1,2371,"1Dg"
"160",298.999041274485,298.271811792275,270.995265863798,327.250629890679,19.5587112215232,575.742121456933,1,2433,"1Dg"
"161",299.732699214274,299.78120784227,271.494222653642,328.315758318926,21.023325517625,579.928827982243,1,2471,"1Dg"
"162",300.017237450664,299.181110368781,271.711431461893,328.661033037186,19.6767559048886,581.663170190152,1,2486,"1Dg"
"163",300.073807549227,299.358747257296,271.742859936913,328.766679089756,20.9499894173559,576.29228024438,1,2489,"1Dg"
"164",300.448102145421,300.989173274493,272.045680322688,329.302465484641,21.2894851122574,578.309513395693,1,2509,"1Dg"
"165",300.466688275865,299.646736908902,272.063740383319,329.332681133785,20.7415441942452,579.523764716944,1,2510,"1Dg"
"166",301.344741750455,302.045679597233,272.68045139386,330.531987958262,26.005933123026,582.171065710968,1,2558,"1Dg"
"167",301.470528088461,301.575526983466,272.776724364885,330.759278663634,23.6994311681282,581.225428108685,1,2565,"1Dg"
"168",301.8445150999,304.167683871641,273.015559964501,331.241441391752,22.8329568721743,583.339393056364,1,2586,"1Dg"
"169",301.950449639246,302.671377783821,273.086569795243,331.370934724821,28.0212930379607,578.844136361465,1,2592,"1Dg"
"170",302.387520325153,303.645398365619,273.384760818904,331.985557320001,21.2802322467212,578.497978729863,1,2617,"1Dg"
"171",302.629277522071,302.931179849557,273.51961540658,332.280629031394,22.8242168459472,585.329353365973,1,2631,"1Dg"
"172",302.970975113636,303.148352534947,273.743767909899,332.760203745771,21.1038040927155,580.187400740226,1,2651,"1Dg"
"173",304.776515630349,304.784451338549,274.885111882053,335.320216023769,25.0670284353223,585.254307809551,1,2761,"1Dg"
"174",305.388195757263,305.315567756189,275.287943856588,336.301372784221,25.8596680407007,588.442009164543,1,2800,"1Dg"
"175",305.588938082668,305.667800104801,275.419331164089,336.618902615879,24.3708228849916,587.226685966756,1,2813,"1Dg"
"176",306.286971885366,307.579406499538,275.884334377071,337.694856089582,30.1764895229477,590.333405657064,1,2859,"1Dg"
"177",306.480843830324,307.067665434334,275.994303468526,337.942910700483,28.9153821766537,588.45072720676,1,2872,"1Dg"
"178",306.569827696085,305.65568366959,276.042770119784,338.093861597018,24.2632165276513,587.902518162204,1,2878,"1Dg"
"179",306.599419869591,305.943758491378,276.056114405664,338.125403910168,26.0176152809648,587.311762932653,1,2880,"1Dg"
"180",307.039201328908,308.435175718195,276.344879082221,338.717386600159,27.6190734986173,590.10275208038,1,2910,"1Dg"
"181",307.485710233656,307.448995498934,276.617216113377,339.412876969308,29.843838434492,584.967666569673,1,2941,"1Dg"
"182",307.670607506076,306.560727393304,276.715974176717,339.704303975507,30.836527355988,585.435485995973,1,2954,"1Dg"
"183",308.050280424111,306.000962325737,276.940114814594,340.271404957464,24.7783357450415,588.474662315818,1,2981,"1Dg"
"184",309.394164623162,309.299223596347,277.787048486056,342.419961434573,29.0938049946331,591.097154944235,1,3080,"1Dg"
"185",311.332977406937,312.169912397574,279.000246397557,345.690385545027,36.326706688288,591.36806017435,1,3233,"1Dg"
"186",313.098918252795,313.982445912796,280.094010231425,348.603098719119,34.2973636946265,591.306584313982,1,3384,"1Dg"
"187",313.991620522053,315.682252454327,280.690065856522,350.037770113432,34.6972525289271,595.391531834672,1,3465,"1Dg"
"188",314.962971677264,314.658713597424,281.271121232231,351.675739672311,35.5217953951965,595.642484517022,1,3557,"1Dg"
"189",316.254144900512,315.261098745992,282.025240888907,353.856093030653,36.2328773807621,596.088694032197,1,3686,"1Dg"
"190",316.657781210213,315.259980949509,282.282711396614,354.481803667163,36.9562139319637,597.534391866046,1,3728,"1Dg"
"191",21.2370693005135,23.4316936511495,13.2577782448292,33.8340187145014,-254.572662458597,305.68078696023,2,58,"1DgS"
"192",22.2483628145573,22.7177343756853,13.9116698283931,35.3837054155919,-257.364840656404,300.983836300348,2,61,"1DgS"
"193",24.9107394179393,24.5639285152166,15.6428644998115,39.426010782827,-251.719828767279,302.922265076556,2,69,"1DgS"
"194",52.9187763840548,54.5131884500713,34.8996016140693,79.4709636149822,-224.643518438791,331.644359917602,2,163,"1DgS"
"195",66.9876927693064,66.1866903660933,45.3122449922295,97.8703038828843,-213.35669867891,348.470443872346,2,218,"1DgS"
"196",81.4404154070459,80.7364995289434,56.5285252073942,115.830086453462,-195.749873026588,358.713279924592,2,281,"1DgS"
"197",88.1963602498988,88.9047423623033,61.9264122458429,123.872681896491,-191.190914060596,367.656601708105,2,313,"1DgS"
"198",88.1963602498988,88.0608075114092,61.9264122458429,123.872681896491,-193.640781818276,367.932704515526,2,313,"1DgS"
"199",90.6380455753296,91.4904024351246,63.9128865089356,126.751172749093,-188.92737436223,373.5335704381,2,325,"1DgS"
"200",105.055708300268,106.941197562854,75.9749562529117,142.887716219952,-167.843739431872,383.847887988971,2,401,"1DgS"
"201",110.296672048923,111.791768940641,80.4750035252451,148.575072890034,-168.823622503674,392.211011896244,2,431,"1DgS"
"202",117.735849898125,117.847462907401,87.0233942221152,156.595540613643,-160.142295245978,399.16298100172,2,476,"1DgS"
"203",118.055409322308,117.488223119388,87.3069879236654,156.915763218475,-160.342461557989,395.919647261461,2,478,"1DgS"
"204",123.35239234795,123.931370533416,92.055158701997,162.284800661017,-155.260566824868,407.610063083102,2,512,"1DgS"
"205",139.17214623697,139.164078059868,106.755392892354,178.04653965018,-142.951296007386,419.321469887584,2,624,"1DgS"
"206",139.956283815738,141.392639093601,107.518784409437,178.778503740878,-137.933123377667,422.64316727552,2,630,"1DgS"
"207",151.395412778592,150.249336348475,118.621673108237,189.610340836689,-130.6404951999,433.329890915477,2,723,"1DgS"
"208",158.455127781842,159.784663256587,125.648383026965,196.152920968211,-116.588843285486,436.358608477144,2,786,"1DgS"
"209",167.119475043558,165.501245141047,134.305900137373,203.894391214984,-112.321212123528,445.270371691903,2,870,"1DgS"
"210",169.452757363723,167.762345848648,136.74595514507,205.915987508028,-114.496535620101,446.723083022637,2,894,"1DgS"
"211",170.502430022358,168.058220471476,137.830469922404,206.91278433686,-112.266355438391,448.099915335321,2,905,"1DgS"
"212",170.597251399149,170.844604112019,137.936727010988,207.003323402926,-108.726711122228,456.764141743648,2,906,"1DgS"
"213",172.287118220914,173.411682815184,139.691301415591,208.390642662332,-108.266347772417,452.93265649985,2,924,"1DgS"
"214",172.935753076726,173.294743973596,140.363459244125,208.949531752056,-106.921661923704,453.403670213871,2,931,"1DgS"
"215",181.546277000341,181.097841130365,149.454398835021,216.519599737441,-99.4442213019571,464.630354426663,2,1029,"1DgS"
"216",181.629858464413,182.981699779226,149.545165804227,216.587268411034,-92.8443022729557,462.041719468681,2,1030,"1DgS"
"217",183.855931765581,181.654838393659,151.908421518394,218.525563011937,-101.35564684846,466.615626266967,2,1057,"1DgS"
"218",189.136476842803,187.235426489004,157.568004718315,222.951906358961,-93.2297002212642,470.385006404958,2,1124,"1DgS"
"219",189.441275329928,188.599482013529,157.891380764687,223.212962175444,-92.3197742819522,470.881710722455,2,1128,"1DgS"
"220",195.094738377879,194.715513498347,163.842578146772,227.896043621449,-85.5399835328471,471.055991398893,2,1205,"1DgS"
"221",197.330765358948,196.358624643522,166.259479992762,229.737562371195,-82.3234423951077,472.46745260197,2,1237,"1DgS"
"222",198.425207003976,197.340217139971,167.441675501389,230.62499336272,-82.2061598791243,476.285582187009,2,1253,"1DgS"
"223",198.49309936381,196.712521739921,167.520779494487,230.674828249235,-84.6296253550134,477.226784286569,2,1254,"1DgS"
"224",200.104836550243,199.690145698615,169.276409132787,232.060110036245,-82.5639164649772,479.9121699103,2,1278,"1DgS"
"225",202.202338532762,202.908584577224,171.647970838519,233.740489709703,-76.2393866883732,483.461315419539,2,1310,"1DgS"
"226",203.229718447193,202.045776608572,172.756207083411,234.593313715165,-78.5334728421969,488.283817153164,2,1326,"1DgS"
"227",204.80737352783,202.697156447536,174.474993743168,235.945205160393,-80.6404343956042,485.122777155037,2,1351,"1DgS"
"228",205.181098742973,203.830530932858,174.897468613178,236.237932549038,-78.44086821201,481.126026506555,2,1357,"1DgS"
"229",206.474494231084,205.318743434769,176.293416058292,237.318480496534,-75.412959367571,481.982219052714,2,1378,"1DgS"
"230",206.718306726665,207.521859372302,176.572586338184,237.539356363592,-72.248051739681,489.762294182144,2,1382,"1DgS"
"231",207.021940052391,207.537651918202,176.894360454877,237.77403743759,-72.6216929969932,482.142922685997,2,1387,"1DgS"
"232",208.402666090009,207.787408861077,178.391787981144,238.971547811985,-72.3080404309163,486.582711523892,2,1410,"1DgS"
"233",209.112792101979,207.248733842144,179.141606290635,239.576231256591,-76.0994557385668,481.077403729661,2,1422,"1DgS"
"234",209.932566879212,209.274437985119,180.077197799036,240.261265371068,-72.3996201486991,487.645777618339,2,1436,"1DgS"
"235",210.91562631762,210.296742587472,181.156682517788,241.035310604654,-71.5402972359653,489.239507777849,2,1453,"1DgS"
"236",213.89623619887,216.389889997552,184.478068970414,243.54249491034,-66.9465946352359,496.608245804579,2,1506,"1DgS"
"237",215.743938746894,213.766947677455,186.464801301505,245.122256111362,-65.6157713035979,492.740593856996,2,1540,"1DgS"
"238",216.331365922016,218.223531057647,187.122734658993,245.593827114314,-53.9179209044155,496.450021419047,2,1551,"1DgS"
"239",218.322946636544,218.657269795419,189.34418678278,247.278569297939,-60.1143032235736,495.901680043613,2,1589,"1DgS"
"240",220.056877678093,220.323349926014,191.26430816047,248.655484720351,-56.9981206667671,496.889178148593,2,1623,"1DgS"
"241",220.85767978203,221.532607667534,192.17811532616,249.283068060105,-58.6241492561137,501.135526856704,2,1639,"1DgS"
"242",221.55061197661,223.136751183278,192.964401871807,249.865575551398,-56.494444941176,501.776106765378,2,1653,"1DgS"
"243",221.599832888071,222.456533930353,193.014067635409,249.91117223977,-59.3546695547991,502.262802043106,2,1654,"1DgS"
"244",221.894396532346,222.970052551816,193.354358670185,250.151066778775,-53.9815247398849,503.792557688983,2,1660,"1DgS"
"245",222.041190448941,224.15163103752,193.521397414469,250.260975591657,-52.3562736412596,506.0342347178,2,1663,"1DgS"
"246",222.090049743436,223.91594578844,193.577007152882,250.298418893853,-56.1904178332466,501.089878343018,2,1664,"1DgS"
"247",222.090049743436,221.040088701166,193.577007152882,250.298418893853,-58.1615748397227,502.203570701731,2,1664,"1DgS"
"248",222.285127945498,221.708765919862,193.795829920296,250.481110601097,-56.0480668640104,503.430043110604,2,1668,"1DgS"
"249",222.52817102266,220.694062631797,194.058866001115,250.692306592913,-57.7916019572648,498.894454704932,2,1673,"1DgS"
"250",222.963410583432,223.686377845131,194.543971445245,251.062168852672,-54.4579270900401,501.67616402546,2,1682,"1DgS"
"251",225.004003203055,223.237837083071,196.817894568883,252.828540518943,-53.9541545702116,503.832230974893,2,1725,"1DgS"
"252",225.237194706377,223.875665001016,197.087330902043,253.01412554918,-54.6372626738385,506.004112639499,2,1730,"1DgS"
"253",226.069803546771,226.210439878247,198.010191319386,253.721628834973,-52.1231450596769,506.573802271378,2,1748,"1DgS"
"254",226.069803546771,226.963096833666,198.010191319386,253.721628834973,-50.7878364182171,508.477952482683,2,1748,"1DgS"
"255",226.115746568997,227.343746711895,198.064789132595,253.765374824461,-53.9740460422677,508.64678026756,2,1749,"1DgS"
"256",226.299191904508,225.893474252948,198.263655868259,253.943664495831,-52.3617852923464,506.23927622125,2,1753,"1DgS"
"257",226.618968696183,228.290855695103,198.602371585026,254.217704685753,-50.6515646647664,505.087996492156,2,1760,"1DgS"
"258",227.478984966338,226.443799110252,199.577317304432,254.955561610505,-51.9240765784377,507.223821252983,2,1779,"1DgS"
"259",227.568843926903,228.910411642831,199.691148889935,255.021815144368,-53.5606404513931,507.195351859919,2,1781,"1DgS"
"260",227.703395468272,225.629010975364,199.848233737116,255.134405465566,-56.0717890301093,503.509515139811,2,1784,"1DgS"
"261",227.927018562703,228.631225387426,200.115868759678,255.324835118754,-49.5875508378046,503.60870635067,2,1789,"1DgS"
"262",228.105352936816,228.245987984939,200.342129506602,255.489714713095,-48.2856236815751,508.217603150813,2,1793,"1DgS"
"263",228.238776065492,226.626950655202,200.503140361166,255.622883653425,-56.0477231028615,508.686459446052,2,1796,"1DgS"
"264",228.901711889735,228.228105393553,201.233640977111,256.221776501812,-48.8020842175634,505.627518260826,2,1811,"1DgS"
"265",229.121155012129,226.442727574362,201.479122163169,256.405371100365,-51.9892433090462,508.089027845959,2,1816,"1DgS"
"266",229.644721416207,228.584948794023,202.024881105947,256.823982974783,-50.0897388238076,506.562969751542,2,1828,"1DgS"
"267",229.991357917343,227.383777322052,202.412168341087,257.116786499646,-51.6132727163345,506.103794121534,2,1836,"1DgS"
"268",229.991357917343,230.919858204536,202.412168341087,257.116786499646,-50.2759288495799,509.291954870144,2,1836,"1DgS"
"269",230.336087083729,230.408497139848,202.786248273372,257.411220445502,-46.1159136977671,508.717915383828,2,1844,"1DgS"
"270",230.507741415989,231.525199903574,203.002585866099,257.538890494183,-44.4421351121539,507.555865711356,2,1848,"1DgS"
"271",230.849639478661,231.290502236467,203.376270639014,257.808043030177,-49.1564325297559,512.630019805442,2,1856,"1DgS"
"272",231.104836473668,232.055025337542,203.655699378823,258.030695970807,-43.3300402877639,508.8910231488,2,1862,"1DgS"
"273",231.316702832112,228.272404751043,203.874838100028,258.209433976639,-54.0668571068073,508.36905710673,2,1867,"1DgS"
"274",231.443476203955,231.844878138958,204.005107513809,258.326339809117,-48.2454088795774,506.121619324327,2,1870,"1DgS"
"275",231.864189209379,229.542118636979,204.47745341163,258.698985366303,-49.0605485400755,507.482820500717,2,1880,"1DgS"
"276",232.031675779572,233.321077385086,204.654863029212,258.839350040591,-47.4812727638961,512.4297005622,2,1884,"1DgS"
"277",233.027136152532,235.718730872707,205.727423202859,259.74649117772,-44.8881005529077,514.092998313506,2,1908,"1DgS"
"278",233.027136152532,230.657403717191,205.727423202859,259.74649117772,-50.4995765783295,511.995321083804,2,1908,"1DgS"
"279",234.811052672139,234.165037834857,207.753607912443,261.375299952073,-44.0593780604182,517.310073769336,2,1952,"1DgS"
"280",235.288593190151,234.88009936959,208.277690274653,261.797997296565,-48.9287233839465,516.458463460064,2,1964,"1DgS"
"281",235.367816288521,234.608226168701,208.365971433977,261.857468743023,-43.4118828013107,513.849566625573,2,1966,"1DgS"
"282",235.565418212401,235.743340354368,208.586768045294,262.014336367201,-40.0762496912346,514.63389902729,2,1971,"1DgS"
"283",237.734990671498,239.290428887376,210.955355764286,264.079362113227,-37.6140168789284,517.669195885916,2,2027,"1DgS"
"284",238.265190366455,237.826433534229,211.539082812173,264.560816487106,-42.6574457825296,517.176290462822,2,2041,"1DgS"
"285",238.640995960043,237.334258138204,211.935527255238,264.910083613918,-38.2736783299021,515.221203299268,2,2051,"1DgS"
"286",239.088800634934,238.947765679487,212.435179379922,265.34075637872,-39.7215898871147,520.284305157491,2,2063,"1DgS"
"287",239.274376718184,236.995170553512,212.642301242452,265.519320156128,-44.1942955531483,516.754536865049,2,2068,"1DgS"
"288",239.790863042646,241.378202636513,213.234191737422,265.965602701999,-37.9044977250536,517.975385196871,2,2082,"1DgS"
"289",240.665695106876,237.880756654101,214.178367657978,266.789907510609,-41.0602932555002,517.806626483802,2,2106,"1DgS"
"290",242.970123172042,243.507420494242,216.648499018741,268.898454724602,-37.8572630612831,524.511111433359,2,2171,"1DgS"
"291",243.660748858845,241.706227204023,217.440369046576,269.578232755485,-36.5139349982652,522.678041625187,2,2191,"1DgS"
"292",243.900477307631,242.259691503397,217.691214136846,269.813013692418,-37.0593785104453,523.82241559278,2,2198,"1DgS"
"293",244.512248118246,244.185416335648,218.337751804576,270.406547584466,-34.7659948570881,525.3777413234,2,2216,"1DgS"
"294",244.714690349201,245.13173289902,218.574247066812,270.616138804033,-32.8291150110559,527.079548737219,2,2222,"1DgS"
"295",245.31762990352,244.838093034138,219.24560154646,271.184724835729,-36.6414017539483,523.256418594167,2,2240,"1DgS"
"296",246.699406138426,245.784121436693,220.717688748063,272.469442111512,-32.5047921157594,524.898023660331,2,2282,"1DgS"
"297",247.281097405939,246.705896497614,221.276622790938,273.028675421179,-34.4650012915679,527.784670673,2,2300,"1DgS"
"298",247.409523071417,246.072976102647,221.415912771237,273.141637677619,-32.0860062061036,529.003393371787,2,2304,"1DgS"
"299",247.665467255676,247.882473655555,221.693985718604,273.392510461024,-29.9521715756213,527.177602723306,2,2312,"1DgS"
"300",250.55476383655,251.533589094045,224.71295920043,276.208067759076,-28.2625938037095,528.273375845772,2,2405,"1DgS"
"301",250.796136411857,250.599543018908,224.946011042915,276.452161883152,-25.9774861032273,530.467613953318,2,2413,"1DgS"
"302",253.294263894319,253.947368776778,227.525170171694,278.953727671343,-28.9347070986275,532.241405235731,2,2498,"1DgS"
"303",254.034943175668,257.374493340271,228.355720264306,279.653697574901,-23.7729610222184,537.331500009523,2,2524,"1DgS"
"304",255.868182905124,254.497041793769,230.360435876859,281.469820909158,-26.3383279939253,536.300379114316,2,2590,"1DgS"
"305",255.949953259629,255.607139236504,230.444638828869,281.548285295531,-22.4502792157807,535.882219467755,2,2593,"1DgS"
"306",258.678959505605,257.139645696456,233.269503794916,284.371607846777,-21.7554986029592,537.443239783784,2,2696,"1DgS"
"307",260.251399740043,260.287504553952,234.919486708878,285.924856541809,-19.8081435535181,537.906543820463,2,2758,"1DgS"
"308",262.255115421171,260.21905474286,236.902475658631,288.10297714968,-18.1246203336279,542.978988135394,2,2840,"1DgS"
"309",263.413179987304,263.533653042707,238.067550647563,289.325625254249,-15.4344112430843,540.161525029975,2,2889,"1DgS"
"310",268.028585102494,267.825930617592,242.766363632144,294.726588359985,-13.2827109465253,547.916387828535,2,3097,"1DgS"
"311",268.760733886823,268.401619429978,243.539514209313,295.587983182528,-12.4867759884638,547.910137128136,2,3132,"1DgS"
"312",270.289681877098,269.739030598308,245.021452544845,297.464354730747,-9.10211745685674,548.636356478036,2,3207,"1DgS"
"313",18.9415829844504,20.0379699180835,12.0369506107553,29.5068778633702,-257.127417268925,300.810201263377,3,60,"1DgW"
"314",19.8206529877021,19.7713921794417,12.6087104977071,30.8272570826594,-254.749626654689,300.165607705711,3,63,"1DgW"
"315",40.4661532367049,39.0176289161561,26.608181597629,60.7359124507319,-237.180094366866,315.578589308203,3,139,"1DgW"
"316",65.3783575573464,67.3783293244001,44.8521187029823,93.9173408326789,-209.771312138776,347.337605059661,3,247,"1DgW"
"317",72.3532398647581,71.2499423197865,50.2311754126706,102.596393486357,-206.857442366103,352.819574246225,3,281,"1DgW"
"318",73.3483149603788,72.9650750581317,51.0145915313894,103.820267310741,-207.842499756117,353.799624484164,3,286,"1DgW"
"319",80.8573372610547,80.4975256232019,56.96398095208,113.105748766732,-198.444724256525,363.254831975211,3,325,"1DgW"
"320",81.9744281402528,82.7229803185125,57.8460891827458,114.437489899819,-193.036147055706,359.956005924013,3,331,"1DgW"
"321",86.3465747412797,86.1912628051492,61.3750548803465,119.661283190896,-191.839500959902,367.817657856459,3,355,"1DgW"
"322",130.559333158326,129.680645082876,99.9835315958999,167.627908122054,-147.477788287839,409.318314848475,3,654,"1DgW"
"323",131.897602739452,132.04467264223,101.197157578953,169.004715459013,-147.944595563874,410.401764106781,3,665,"1DgW"
"324",137.203593394954,136.545382439352,106.105415964542,174.218918786999,-139.222200724587,418.110419126953,3,710,"1DgW"
"325",143.775821532514,144.794739524323,112.401968800416,180.587295240338,-137.766208656003,425.994570820477,3,769,"1DgW"
"326",147.588031536503,147.425703909633,116.106967098275,184.296970137721,-133.462685959941,426.486242626534,3,805,"1DgW"
"327",151.260666702598,150.736250534532,119.667053626534,187.755868248441,-125.488876635398,431.464614425897,3,841,"1DgW"
"328",153.635446277989,153.541087453843,122.029630690778,189.937811603886,-129.386603673255,433.12039880884,3,865,"1DgW"
"329",154.801568633416,154.700184826679,123.204138228993,191.004010944957,-126.633927530475,433.096703566388,3,877,"1DgW"
"330",158.775756799897,156.682709184998,127.186824416489,194.575223131775,-125.114503940731,437.601541242847,3,919,"1DgW"
"331",164.442181263881,166.136457850908,132.882154019701,199.701015193562,-119.198469253402,446.46231696565,3,982,"1DgW"
"332",167.024199949869,167.09373269405,135.491897400991,202.037597818256,-112.166135605805,445.458142251975,3,1012,"1DgW"
"333",167.109033555118,166.953139708414,135.573464842154,202.122435556886,-109.913778350302,446.272991608759,3,1013,"1DgW"
"334",169.865238669638,167.666923312884,138.373849819148,204.617580586186,-111.05032491061,447.210673399435,3,1046,"1DgW"
"335",170.765687477183,171.057133551346,139.284806149124,205.351249095049,-106.952531001892,451.510311605825,3,1057,"1DgW"
"336",179.153733835412,178.269016070498,148.007916137682,212.751012625126,-101.161268533233,455.312958825442,3,1165,"1DgW"
"337",182.423527693461,182.241065745223,151.432895433939,215.610761411491,-98.8345750075195,459.369977744852,3,1210,"1DgW"
"338",184.951675703418,185.785570422906,154.130087794324,217.847738395247,-92.8853779600131,466.01959336148,3,1246,"1DgW"
"339",186.119552630791,186.029640508233,155.36909492913,218.842152806352,-93.6395226830169,464.863925870847,3,1263,"1DgW"
"340",186.119552630791,185.8378343668,155.36909492913,218.842152806352,-93.9139944400256,462.962621496296,3,1263,"1DgW"
"341",187.740870153687,188.167931921832,157.043141238564,220.224609230699,-90.5325294718697,469.043229189949,3,1287,"1DgW"
"342",187.740870153687,187.490930756119,157.043141238564,220.224609230699,-95.1511783492057,467.402176901535,3,1287,"1DgW"
"343",189.78892081233,190.677133358821,159.250053567938,221.907693247641,-93.1826913303816,471.432913427651,3,1318,"1DgW"
"344",190.309223211259,189.202359117819,159.820168099969,222.368414946421,-88.6121104103464,468.11446097978,3,1326,"1DgW"
"345",192.736001623099,193.188022934288,162.322897081985,224.474038196715,-85.7343155510187,472.880428171371,3,1364,"1DgW"
"346",196.303609912903,196.316954173794,166.140805976031,227.502649690013,-82.4953231795621,472.602888885366,3,1422,"1DgW"
"347",197.851915365855,198.002327875641,167.78847243779,228.887252037581,-81.5889672061652,476.015902508634,3,1448,"1DgW"
"348",199.83117225858,199.566922742328,169.875741935965,230.557354197338,-80.6749181716774,475.401766022695,3,1482,"1DgW"
"349",202.928560714571,203.674301305192,173.303411348148,233.256469856832,-76.6725671000844,484.51461575714,3,1537,"1DgW"
"350",203.258932625841,202.971977026513,173.66227462238,233.538583400289,-74.6709066790812,478.02697640967,3,1543,"1DgW"
"351",206.168470729801,204.701664459665,176.743978436528,235.942140276903,-76.5450851112306,484.054198657031,3,1597,"1DgW"
"352",207.217776951826,209.171410040821,177.883722632423,236.833476045104,-76.5611815471749,491.232080542799,3,1617,"1DgW"
"353",207.425854382486,211.187782949942,178.117827636809,236.983938070303,-69.1079879338376,486.169046517348,3,1621,"1DgW"
"354",207.736867732261,209.28485719509,178.464320228575,237.252485597331,-71.6223851215378,491.156853341036,3,1627,"1DgW"
"355",207.840246043967,208.129838015292,178.580025878465,237.33283031385,-70.808900180169,485.592644753099,3,1629,"1DgW"
"356",208.354955783701,208.284988593175,179.152172901862,237.795661008316,-72.9541150536746,486.483745513075,3,1639,"1DgW"
"357",208.457463563321,208.60357213267,179.26509623763,237.879444070047,-71.1956776766771,489.25101055717,3,1641,"1DgW"
"358",208.508663435515,209.486669316723,179.322114368638,237.92128117692,-71.7888597335326,491.009724839244,3,1642,"1DgW"
"359",211.810159653646,211.264523473467,182.965207270378,240.807692512393,-65.1103565041594,487.138124967077,3,1708,"1DgW"
"360",212.539762228722,212.987035263794,183.73334800888,241.467028215245,-63.1342493480257,493.532849453161,3,1723,"1DgW"
"361",212.925840224681,212.917094205523,184.161978420133,241.786855439803,-65.0199225882936,492.054805904021,3,1731,"1DgW"
"362",215.012292367636,214.006027872103,186.489935422251,243.704957752619,-62.9238137090628,490.562882527715,3,1775,"1DgW"
"363",215.198926185206,217.316542283362,186.703170556509,243.896343601947,-65.0036433639815,499.188098318477,3,1779,"1DgW"
"364",215.709605992509,215.999664570804,187.224981589795,244.34256805814,-61.653473934264,493.423669688492,3,1790,"1DgW"
"365",215.755846028526,214.988130183523,187.281171964401,244.38205507398,-61.9957817497126,491.164657181142,3,1791,"1DgW"
"366",216.537245197736,216.513830868021,188.151324696474,245.082136632469,-60.7814890013477,490.130324969796,3,1808,"1DgW"
"367",217.984526065299,217.293884428577,189.728167045172,246.296972946069,-68.4343716249456,497.594755683571,3,1840,"1DgW"
"368",223.853055159129,224.043119285075,196.090810716893,251.350091730348,-54.1552598558448,498.390979175516,3,1977,"1DgW"
"369",224.991150096229,225.467951052649,197.332208214519,252.322928997213,-54.7600258091881,505.81431522234,3,2005,"1DgW"
"370",225.19230880318,225.689002479042,197.537722828609,252.519627412711,-53.4704594745862,503.314028112253,3,2010,"1DgW"
"371",225.312705978455,224.76809591324,197.676660050845,252.642617746806,-54.0958829823569,506.588196784008,3,2013,"1DgW"
"372",225.672563427199,223.594333988322,198.088591246513,252.962753314958,-51.6987904346066,501.661986536063,3,2022,"1DgW"
"373",225.911362918658,225.737241088469,198.341966647201,253.145150764577,-58.0721559813506,505.419600694687,3,2028,"1DgW"
"374",226.465153520851,226.798692839656,198.952229179767,253.636164192963,-51.3357904713407,506.834266520984,3,2042,"1DgW"
"375",227.63602803751,227.025855234502,200.195109386298,254.68318426012,-52.2283338131501,507.950277439642,3,2072,"1DgW"
"376",227.944676174166,226.489634515041,200.525398983931,254.9572261795,-52.4441127777532,509.78005490582,3,2080,"1DgW"
"377",228.098441476917,226.921031063124,200.693039773523,255.08553583599,-49.0463827091781,503.409442410813,3,2084,"1DgW"
"378",228.290126991337,229.228597390602,200.90501851032,255.248785453377,-53.7186774297086,511.819556828033,3,2089,"1DgW"
"379",228.481235969968,229.797018312722,201.092015251408,255.402601029489,-47.0671681910402,508.294404665848,3,2094,"1DgW"
"380",228.633709822574,228.196674053154,201.264615386017,255.548364380223,-50.287277281857,507.780996057938,3,2098,"1DgW"
"381",228.709809434806,228.997075228374,201.338266812581,255.613755971868,-50.110575228691,508.590419142177,3,2100,"1DgW"
"382",229.0889410417,231.095272828861,201.755553511516,255.935364670554,-52.0417877534154,510.980151469483,3,2110,"1DgW"
"383",229.578433181476,227.619834764618,202.292784119936,256.352236564294,-51.4638846536432,508.962904876073,3,2123,"1DgW"
"384",229.765690931453,229.710817930299,202.490214163064,256.524808544599,-49.1688162570001,507.109692915108,3,2128,"1DgW"
"385",230.175703131613,232.883854890207,202.953744333895,256.920500708173,-47.8355381037404,513.533705056203,3,2139,"1DgW"
"386",230.76733231334,230.301062391965,203.583298480147,257.414376479391,-48.8154388782954,507.99473445659,3,2155,"1DgW"
"387",231.134272080286,231.123227580107,203.949789383568,257.718992755374,-46.6850654282627,510.941853561594,3,2165,"1DgW"
"388",231.499059450151,230.757026862211,204.386438978483,258.034828924887,-51.9028916912375,512.305044121849,3,2175,"1DgW"
"389",231.789352522619,232.247641786036,204.685062639657,258.258147838695,-50.2955514408302,511.052946693871,3,2183,"1DgW"
"390",232.759140078527,232.328570853328,205.745652323142,259.15424096417,-46.1854198961215,508.790563347846,3,2210,"1DgW"
"391",233.819016258996,235.472082710367,206.87777330853,260.160076281111,-42.7749524578635,515.474039789658,3,2240,"1DgW"
"392",234.063694964795,233.323480894376,207.154723040044,260.383032195762,-46.7618929274021,513.249155200069,3,2247,"1DgW"
"393",234.098568859772,234.233901423374,207.187014768517,260.412951697487,-41.2598583401,513.247048256733,3,2248,"1DgW"
"394",234.653843156877,235.865133544449,207.795666979982,260.902710460308,-42.7940448642098,515.371130436383,3,2264,"1DgW"
"395",234.929582582328,237.200735358798,208.114073472772,261.158135885638,-42.1145279674664,514.576897506393,3,2272,"1DgW"
"396",235.545426481136,234.607915530526,208.790538006451,261.707685444297,-42.3348754750887,514.838959827078,3,2290,"1DgW"
"397",235.884856135749,236.611498663263,209.167535851457,262.060004037438,-44.5592466552636,516.842559425929,3,2300,"1DgW"
"398",235.986311494006,237.492556100094,209.280261028345,262.138631524828,-42.4580516630594,512.951860330594,3,2303,"1DgW"
"399",236.121318428321,234.502609094473,209.426612440481,262.281251168798,-43.4422654072129,511.632003678523,3,2307,"1DgW"
"400",236.59145518147,236.798069993065,209.936884502407,262.75279578266,-42.6504914414114,515.393458357082,3,2321,"1DgW"
"401",237.586554614212,240.237218724588,210.974127071696,263.652736014711,-36.0002423029578,515.968350744581,3,2351,"1DgW"
"402",237.849114968166,240.032365667832,211.26878951444,263.921196536207,-41.3845088482108,522.102102015596,3,2359,"1DgW"
"403",238.338285810061,237.190846049889,211.772568968811,264.407878617652,-39.7269687323054,516.265407149503,3,2374,"1DgW"
"404",238.468047115109,237.081006690087,211.905448829826,264.549424394318,-37.9254535029073,518.342117963278,3,2378,"1DgW"
"405",238.56518018823,239.687913572684,212.005220165414,264.648269854384,-41.00782587411,520.475891918359,3,2381,"1DgW"
"406",238.823417600338,239.401419586904,212.276854218355,264.887486734293,-39.0175052893343,520.689362107031,3,2389,"1DgW"
"407",239.368414640136,239.397895432288,212.854873477048,265.413010780523,-43.7462978127984,518.566712028125,3,2406,"1DgW"
"408",240.411995197857,239.005150293114,213.97068316169,266.424085645156,-43.2475976889865,516.410452784252,3,2439,"1DgW"
"409",240.786860977513,238.88409019808,214.371056024057,266.794996810976,-39.7841916656208,517.557633766719,3,2451,"1DgW"
"410",241.097395995535,241.619985552072,214.719589769573,267.169664028019,-34.4732967217553,523.056611262021,3,2461,"1DgW"
"411",241.159302165226,241.085473485236,214.785381277171,267.222553584843,-38.1646926543208,522.154732409693,3,2463,"1DgW"
"412",241.159302165226,241.454812312251,214.785381277171,267.222553584843,-36.8042094038008,521.88557314101,3,2463,"1DgW"
"413",243.16543592767,242.447789191826,216.895823968638,269.089791283749,-38.1052784820281,524.293786225393,3,2529,"1DgW"
"414",244.551859259595,243.895305477765,218.359428725968,270.434297870651,-36.5403322951899,523.646899002207,3,2576,"1DgW"
"415",245.705259220166,245.610048073807,219.600095250401,271.545439119283,-31.9387790807695,524.300894310406,3,2616,"1DgW"
"416",247.225053818183,246.274491620363,221.152232991059,273.101294515673,-28.0900099453089,521.65829341039,3,2670,"1DgW"
"417",247.419008510695,247.820634374063,221.38855780257,273.316014664928,-29.3908544195766,525.654986841139,3,2677,"1DgW"
"418",247.474297413136,247.082987830578,221.443782659406,273.368039222486,-28.8013539883738,530.690480289296,3,2679,"1DgW"
"419",249.107232683633,247.122919950163,223.09388036404,274.95976619312,-28.3184919353721,521.866388970945,3,2739,"1DgW"
"420",250.273906053617,250.430689000564,224.290839743451,276.105178117571,-27.3034461558245,527.496563684124,3,2783,"1DgW"
"421",254.552656304829,256.472769350075,228.773964470296,280.559003103155,-23.5845156646912,531.820599310844,3,2953,"1DgW"
"422",258.096548143931,258.431433431105,232.439208417867,284.395400693836,-21.3952795745121,538.099425992722,3,3105,"1DgW"
"423",258.455316937758,260.637331370512,232.8220433524,284.818461719232,-19.8780128037493,541.169683705801,3,3121,"1DgW"
"424",259.297009288476,258.433016295169,233.587328843484,285.673641812455,-19.3824308424573,534.293553698031,3,3159,"1DgW"
"425",259.340909235743,258.302149519066,233.627667080934,285.717635642366,-21.1657377462077,538.979771078547,3,3161,"1DgW"
"426",259.908026100572,261.485123528374,234.179924681722,286.307300529364,-17.4096433610775,541.295372844303,3,3187,"1DgW"
"427",259.973037543038,258.71351451364,234.259640824519,286.393505500486,-21.3997706025404,540.264603762725,3,3190,"1DgW"
"428",260.404224215482,260.800993301575,234.725121855183,286.859165506677,-16.9833142801134,543.073369270014,3,3210,"1DgW"
"429",262.091191900267,261.447963979987,236.415384496162,288.667606695015,-17.8468972659153,543.082425263203,3,3290,"1DgW"
"430",263.800051290266,264.087192292513,238.069169973321,290.547538828878,-17.3580043831822,548.254235616346,3,3374,"1DgW"
"431",107.725889993716,109.185105314072,67.2071165397729,164.45866071271,-171.571576175875,391.385633965969,4,325,"1DgAW3"
"432",113.498580240025,112.775380734598,71.7135336471007,171.028502538692,-170.997745831437,393.774215756928,4,352,"1DgAW3"
"433",167.717016974813,167.02588709194,119.063901426269,224.188652546033,-118.215576187461,451.71284385288,4,694,"1DgAW3"
"434",187.385513200697,185.509266180156,138.647590137148,240.595354661503,-96.7080143947956,469.600594238733,4,876,"1DgAW3"
"435",188.628631741787,190.888270882843,139.911865337768,241.764840798423,-92.6677351495201,470.077128714054,4,889,"1DgAW3"
"436",190.597160216009,191.956197299136,141.942202430376,243.363529095192,-92.6824187663845,475.674747730335,4,910,"1DgAW3"
"437",191.334537746011,190.794126410889,142.634390801531,243.892241360908,-91.1952321687285,473.788775642645,4,918,"1DgAW3"
"438",197.593060549005,198.127211065818,149.230550514311,249.044897728605,-86.4548328178281,481.348333607092,4,989,"1DgAW3"
"439",198.853087562064,196.693048792127,150.534729794294,250.039484757862,-86.4945390017833,479.148002582359,4,1004,"1DgAW3"
"440",209.474939601421,210.933133646727,161.821221176289,258.236309478745,-70.8118890470356,493.4128378138,4,1141,"1DgAW3"
"441",211.537555196362,211.457982519704,163.972389056678,259.875164804977,-69.2921010734586,492.595914975433,4,1170,"1DgAW3"
"442",214.623243161268,215.619859487853,167.440628221149,262.36804481533,-67.4270481453817,497.880536386041,4,1215,"1DgAW3"
"443",220.960263855644,219.813510461707,174.357229403265,267.292542398973,-64.5440933550449,503.130019202235,4,1314,"1DgAW3"
"444",221.20417187549,222.822465797415,174.634831451421,267.469122175225,-58.1085401453242,506.576194901385,4,1318,"1DgAW3"
"445",222.350601190722,224.32986756942,175.920173699973,268.310434259865,-58.338549271369,507.237846152976,4,1337,"1DgAW3"
"446",223.418551582111,221.523666577727,177.13791200802,269.135854087176,-61.3658903202986,503.55448726393,4,1355,"1DgAW3"
"447",223.712132941626,222.87126982497,177.472287432583,269.44082259965,-57.2403362137073,505.884060610209,4,1360,"1DgAW3"
"448",224.411367243153,222.851485964259,178.260173619268,269.953785853389,-56.27009106913,503.202997803834,4,1372,"1DgAW3"
"449",225.503263526782,226.816009424173,179.481963844185,270.846373288281,-55.3547205397022,511.65033948525,4,1391,"1DgAW3"
"450",231.168688203747,231.380102741412,185.919042400681,275.362332693461,-47.6810653683574,512.60839370462,4,1495,"1DgAW3"
"451",232.047729460097,233.50010602061,186.898808457555,275.973866787738,-49.2621440693313,513.319829154937,4,1512,"1DgAW3"
"452",233.768762671603,233.982943828287,188.902295386198,277.227484263784,-49.3147565779671,518.943291286639,4,1546,"1DgAW3"
"453",235.684335238797,237.166768780607,191.16305696305,278.759587006751,-43.3267272247659,519.723488953357,4,1585,"1DgAW3"
"454",236.165775983599,233.738455484735,191.746762467992,279.220695574935,-49.7639856843018,515.341603634723,4,1595,"1DgAW3"
"455",238.423572727199,237.184661473368,194.362002281621,280.896407979889,-46.2709329458669,522.553461372007,4,1643,"1DgAW3"
"456",239.746535463409,240.531818008525,195.910626583485,282.029633904132,-41.1992367870074,526.517231740297,4,1672,"1DgAW3"
"457",240.151027606598,240.92877531437,196.371375306353,282.332884335349,-38.4796272111917,521.122731053928,4,1681,"1DgAW3"
"458",240.730310219089,241.018240466275,196.963606001563,282.767760969793,-41.7150664269913,524.361898865551,4,1694,"1DgAW3"
"459",241.871537768361,240.775810219387,198.297153907574,283.707368477436,-41.1545187979073,524.214450592587,4,1720,"1DgAW3"
"460",246.777478696818,247.543070506593,203.901054201242,287.741809366293,-37.9116719192191,527.990433679941,4,1838,"1DgAW3"
"461",247.370903173609,247.707547571969,204.53756817488,288.225347306297,-33.8315322641392,526.274588939438,4,1853,"1DgAW3"
"462",254.741044223048,257.249164797582,212.977656985957,294.383201638285,-26.0147493292702,542.494241541324,4,2054,"1DgAW3"
"463",257.886695491644,256.219619101558,216.529791388832,297.185970319638,-25.5935992591376,536.620195978023,4,2149,"1DgAW3"
"464",260.143606609891,257.415462147468,219.16218366956,299.243858884055,-24.7126709831049,538.803936599459,4,2221,"1DgAW3"
"465",260.418449379407,262.576377276888,219.515723168914,299.501970561252,-16.4657206816663,541.963816094308,4,2230,"1DgAW3"
"466",263.283803180671,262.560849764698,222.825215674614,302.24203218539,-17.0315056532856,541.225147721187,4,2327,"1DgAW3"
"467",265.955810899845,265.639417473538,225.858401141271,304.767892714799,-15.6292512619255,546.206922170371,4,2423,"1DgAW3"
"468",273.626440076795,275.98752519121,234.4698877585,312.256382158975,-3.67480548817914,551.07073375511,4,2733,"1DgAW3"
"469",274.941620444133,275.610536874942,235.988801700669,313.638263702468,-3.90114512927007,552.327234915364,4,2792,"1DgAW3"
"470",276.785780629018,276.870614819319,238.132717472202,315.660889672977,-1.67647853192779,559.577645818625,4,2878,"1DgAW3"
"471",279.67490677152,280.283947321036,241.237506919107,318.840477664282,-0.294493885876736,558.339292545956,4,3021,"1DgAW3"
"472",36.3902064732387,35.5924794107107,23.6459643731364,53.3889755806188,-244.00555413487,314.842410946018,5,270,"1DgSVW2"
"473",53.2423088100747,54.4797887414792,35.4449992919563,76.2468631482808,-225.42080777046,331.705493562687,5,420,"1DgSVW2"
"474",62.9566688356168,62.5950881828516,42.48667385201,88.9123214155392,-213.869305684528,340.69271193184,5,515,"1DgSVW2"
"475",69.1319940988965,69.2028559069787,47.0840532888577,96.7314446587086,-207.831010910764,346.019753086412,5,579,"1DgSVW2"
"476",99.8098763756617,102.23405757538,71.1680759067114,133.537811327332,-176.215401061494,379.40593044561,5,946,"1DgSVW2"
"477",122.545255758788,121.170664791544,90.3309882738721,158.709091989631,-159.53949166948,402.84521654527,5,1284,"1DgSVW2"
"478",128.19773396687,127.832069990325,95.2340481027356,164.654559639597,-152.365331342535,409.168241315046,5,1379,"1DgSVW2"
"479",133.241180089438,134.738840859215,99.6962348447697,169.952603283048,-146.881460508853,419.16908588821,5,1468,"1DgSVW2"
"480",133.296531983706,131.520742158694,99.7455097336206,170.004961465836,-149.012897817203,411.639101834001,5,1469,"1DgSVW2"
"481",133.296531983706,132.662850501758,99.7455097336206,170.004961465836,-146.471569992195,412.626269994745,5,1469,"1DgSVW2"
"482",134.068473340269,134.89745367396,100.43521749279,170.784874705946,-145.045987438286,412.771613387674,5,1483,"1DgSVW2"
"483",137.687281512102,139.206995610392,103.664195697985,174.519107970117,-141.654989646207,422.168563651972,5,1550,"1DgSVW2"
"484",138.005400814475,136.742787938421,103.960564844857,174.848936363296,-142.906404898524,419.517679144302,5,1556,"1DgSVW2"
"485",140.516228223697,139.00386419995,106.194232292627,177.497402925081,-145.362618392557,423.540751849828,5,1604,"1DgSVW2"
"486",142.411213227598,142.139343652617,107.921224963381,179.406343842827,-137.056854755766,422.015895434437,5,1641,"1DgSVW2"
"487",148.231299693823,147.47655412742,113.229521002667,185.272034683547,-132.964067792765,424.232663634057,5,1759,"1DgSVW2"
"488",155.575849279516,155.833581978723,119.965845358014,192.737699700516,-123.606034608379,433.020838335879,5,1918,"1DgSVW2"
"489",158.470123698934,156.380381375121,122.675677181805,195.593075095053,-123.670469033774,434.466986505723,5,1984,"1DgSVW2"
"490",159.073060455028,160.58910349478,123.24708273017,196.177622913099,-119.127670258662,437.117347026943,5,1998,"1DgSVW2"
"491",163.35445366565,164.664040610076,127.31976751051,200.36060484116,-114.358704473794,442.914955704815,5,2100,"1DgSVW2"
"492",167.567037325138,168.299912513666,131.298046253908,204.480939634066,-110.957672546351,451.901264453671,5,2205,"1DgSVW2"
"493",168.619975080036,169.979876821877,132.291252509688,205.512125227348,-106.924688950534,444.900241924251,5,2232,"1DgSVW2"
"494",168.852328653649,171.858373494081,132.514198652291,205.727582282538,-107.601424583297,452.404816504843,5,2238,"1DgSVW2"
"495",170.614318858944,166.788455240611,134.227159624118,207.453601825093,-117.641345720867,443.517103549184,5,2284,"1DgSVW2"
"496",171.632825811814,171.35705298926,135.207261350292,208.422890640799,-109.963406544009,454.831622721294,5,2311,"1DgSVW2"
"497",172.565745681709,172.753108409581,136.065595516563,209.339709960146,-107.510930238159,455.063622296802,5,2336,"1DgSVW2"
"498",173.489072419643,171.483477482172,136.948519652763,210.207168767399,-113.74934281715,455.093628613921,5,2361,"1DgSVW2"
"499",174.511996174524,175.198519572495,137.944918993873,211.154751485001,-103.510702493798,456.701736798783,5,2389,"1DgSVW2"
"500",175.415482075286,175.914915894448,138.811051843352,212.047973000148,-105.338371671209,455.838653372729,5,2414,"1DgSVW2"
"501",175.487364572549,173.947027355271,138.884372756453,212.113736713182,-104.292974243714,454.53330382423,5,2416,"1DgSVW2"
"502",176.771339099415,176.922630438195,140.193951624058,213.370683895478,-105.928276637954,462.104687810463,5,2452,"1DgSVW2"
"503",176.912853896382,176.851708071783,140.354043674883,213.492831108539,-103.707774928862,458.392328898799,5,2456,"1DgSVW2"
"504",178.280775028655,179.020193447872,141.619579234195,214.798361965782,-100.65411347707,457.20734162467,5,2495,"1DgSVW2"
"505",179.730300840159,178.222572124815,143.012374802424,216.205861122724,-104.123633393794,463.238271795505,5,2537,"1DgSVW2"
"506",180.071882312703,178.982599096997,143.358541833765,216.526769430981,-102.797907952711,458.200736083822,5,2547,"1DgSVW2"
"507",180.140036840467,181.94033690713,143.432435252613,216.575494682032,-102.507900468067,464.453140989026,5,2549,"1DgSVW2"
"508",180.919965595754,182.260785559753,144.235174467582,217.328997820491,-95.9721980339764,460.432583487651,5,2572,"1DgSVW2"
"509",182.226477590046,181.546428930648,145.516249509907,218.602887156783,-98.6037619584413,464.702575521024,5,2611,"1DgSVW2"
"510",183.218060167804,181.302634644622,146.452333792801,219.578299576225,-96.9604502513999,456.336215963829,5,2641,"1DgSVW2"
"511",184.068164910869,184.458327644156,147.232451946288,220.369293637746,-95.4780343024633,462.545533854562,5,2667,"1DgSVW2"
"512",186.093175889979,186.677520181157,149.19917320725,222.309800495465,-93.2212874053158,468.792544185797,5,2730,"1DgSVW2"
"513",186.410155238327,186.807825855402,149.519175521605,222.637635435638,-96.877172651444,468.568130034268,5,2740,"1DgSVW2"
"514",187.103296288885,186.960971556632,150.219994729571,223.293236599336,-94.9707712098151,466.738550794201,5,2762,"1DgSVW2"
"515",187.291336642165,187.403475741804,150.400484087635,223.474779244772,-90.6901709495418,471.97160443091,5,2768,"1DgSVW2"
"516",188.626611409067,188.211812001261,151.680482443697,224.820198849207,-92.0784544390606,471.211342179088,5,2811,"1DgSVW2"
"517",188.934069463074,189.084857418282,151.986413954446,225.106562134932,-94.3345379158221,469.472231004971,5,2821,"1DgSVW2"
"518",189.454124042666,189.795035735279,152.514050035288,225.619002858283,-86.4715368202766,470.568357814522,5,2838,"1DgSVW2"
"519",191.024672001875,193.866101451463,154.080655544227,227.094501283809,-92.0047373329449,477.461131473175,5,2890,"1DgSVW2"
"520",193.673072138846,195.557494413185,156.711077273029,229.636365456954,-84.2902022390267,473.998983536934,5,2980,"1DgSVW2"
"521",194.393507464887,193.670481620116,157.437739103811,230.312550384201,-84.9082132291821,476.081855190999,5,3005,"1DgSVW2"
"522",194.908220413016,193.742063442348,157.942058835067,230.756336677121,-85.7699752775574,476.5373806909,5,3023,"1DgSVW2"
"523",195.786925333911,196.477921109089,158.816779508024,231.599469631419,-83.6418166184303,477.202136916637,5,3054,"1DgSVW2"
"524",197.349892183946,194.413105048479,160.397186085759,233.11839441545,-86.3029599180752,474.172953996676,5,3110,"1DgSVW2"
"525",197.845737100055,197.784498317165,160.896889720423,233.614462333192,-81.2661273523564,477.969927584876,5,3128,"1DgSVW2"
"526",198.283861297927,199.501937117749,161.33817206265,234.034869417316,-77.7112065651027,481.411011737878,5,3144,"1DgSVW2"
"527",199.610463653475,199.221871926771,162.675343085693,235.331832832858,-79.7521586564673,482.058390205548,5,3193,"1DgSVW2"
"528",205.894130862678,206.286944255677,169.027919964249,241.375256028876,-77.5445217473828,488.23030660163,5,3437,"1DgSVW2"
"529",207.240738832112,206.081856333227,170.411983875666,242.684362961499,-74.6988780105162,488.096978621172,5,3492,"1DgSVW2"
"530",207.313489163189,208.618388748093,170.489524652911,242.755943905925,-72.1849413031805,491.921227534187,5,3495,"1DgSVW2"
"531",208.563183227479,209.090648258929,171.74208528465,243.94216596827,-67.7319762562467,490.476885141342,5,3547,"1DgSVW2"
"532",208.990846447214,209.563526996738,172.187798762491,244.355169549485,-70.5473765873899,492.950966049165,5,3565,"1DgSVW2"
"533",210.630463971237,209.80410212813,173.877959694643,245.972999562642,-72.4588359601065,488.19658201581,5,3635,"1DgSVW2"
"534",216.942302356747,215.890794285193,180.326580286316,252.210688806734,-64.2754669084491,499.040226857276,5,3920,"1DgSVW2"
"535",22.7981236310798,23.6058877239148,12.4355326494213,36.882398268435,-253.510240467105,302.025564730177,6,307,"1DgVVW"
"536",35.8788716031039,35.9459619587583,19.9901238400324,56.8839169763367,-245.103177596352,312.370460529957,6,507,"1DgVVW"
"537",40.432159926335,39.8984690047992,22.6925905793595,63.6324891858101,-239.918102299976,322.457517782545,6,581,"1DgVVW"
"538",72.7262446245086,72.1360025568338,43.0954157674285,108.617703234185,-206.701333565875,351.175332157632,6,1182,"1DgVVW"
"539",76.0731037601025,76.5841569535936,45.3477075511156,113.05336874743,-206.834436175207,357.506680385956,6,1253,"1DgVVW"
"540",77.1851372502532,75.2964139642144,46.0976105390818,114.482919740259,-207.470678078699,356.467312038295,6,1277,"1DgVVW"
"541",80.3746373610495,82.2365685960976,48.2723644501032,118.647714295892,-198.841387017369,362.593914509909,6,1347,"1DgVVW"
"542",83.1345256792054,83.4085815920525,50.1731148199927,122.168007555068,-197.92226320429,364.463327808956,6,1409,"1DgVVW"
"543",84.1869331475936,83.9501840728243,50.9060221579218,123.54864848793,-196.968781413768,366.253646447885,6,1433,"1DgVVW"
"544",85.0139045776019,86.757922102773,51.4833205889863,124.599559910851,-193.041123894233,362.400458262642,6,1452,"1DgVVW"
"545",85.4037387706466,87.6780448561343,51.7558357789641,125.080749134948,-189.649716813894,371.800391406789,6,1461,"1DgVVW"
"546",86.9083503490412,86.8854356542476,52.8053552461121,126.954512695365,-191.185567162839,367.814181789254,6,1496,"1DgVVW"
"547",91.8101110715592,90.9573589157525,56.2585432271448,133.130166392348,-187.655647762815,373.560198042514,6,1613,"1DgVVW"
"548",97.5866764176615,97.3562976585155,60.4243490811722,140.265882972784,-185.66248257392,378.47698607893,6,1757,"1DgVVW"
"549",99.7993723699945,99.7797678091446,62.0308821063714,142.959244681108,-182.803361164748,381.196490018793,6,1814,"1DgVVW"
"550",100.871568473897,101.842320683718,62.8078088448266,144.284764661357,-185.122625961377,383.199666201064,6,1842,"1DgVVW"
"551",102.311480465071,100.493350920614,63.8706109886287,146.017628629842,-181.19844307638,382.019679994256,6,1880,"1DgVVW"
"552",106.165252345279,106.431546022723,66.7233416322477,150.660218408923,-173.254037375812,386.214938481807,6,1984,"1DgVVW"
"553",109.578409301511,108.453035848285,69.2699071856657,154.634217381434,-172.802660545704,389.937265561965,6,2079,"1DgVVW"
"554",113.03164532015,113.038118701468,71.8939908777457,158.647859274288,-169.634574190645,396.699102446316,6,2178,"1DgVVW"
"555",113.887529374243,116.768645327587,72.5396351304029,159.649954826872,-164.282931974448,399.292397381921,6,2203,"1DgVVW"
"556",114.091992775665,115.236240584723,72.6948304690104,159.905156436968,-167.86667872648,399.439323328084,6,2209,"1DgVVW"
"557",115.344821601905,114.98195510118,73.6600601372271,161.36020233451,-162.552603498773,393.293974999939,6,2246,"1DgVVW"
"558",116.550691878881,115.765328769689,74.5829181714889,162.735035837163,-166.703224961547,395.706183733093,6,2282,"1DgVVW"
"559",118.040194636027,118.596282777485,75.7598014469528,164.434041802789,-165.260149808057,400.545343375691,6,2327,"1DgVVW"
"560",122.362060040785,122.726706108082,79.1138828352538,169.430901400486,-158.299223565254,407.705891404602,6,2461,"1DgVVW"
"561",123.150139692642,123.721154873198,79.7273462881731,170.32549721805,-153.087107497144,406.873870210198,6,2486,"1DgVVW"
"562",124.957110333304,123.949193482883,81.1569197920237,172.405374562513,-154.840086032627,409.753249140784,6,2544,"1DgVVW"
"563",125.88022476059,126.83670863534,81.8841017854924,173.446617167037,-156.449253707447,406.435940254039,6,2574,"1DgVVW"
"564",128.154449745808,129.989024329487,83.7060146671019,175.943629905598,-153.352726069682,412.91298697254,6,2649,"1DgVVW"
"565",130.087616049377,130.37830692929,85.2827760414483,178.122868976602,-154.278847224558,414.374511264929,6,2714,"1DgVVW"
"566",131.172743948355,129.679003885822,86.1390109189808,179.288433461819,-152.647031639845,411.395304856268,6,2751,"1DgVVW"
"567",132.015640310879,129.824974686512,86.7983917580801,180.292057269671,-154.60634632473,412.657213744982,6,2780,"1DgVVW"
"568",132.851939939912,133.850202441578,87.4704974266299,181.243447053828,-149.219836175093,418.465135486332,6,2809,"1DgVVW"
"569",133.881049395132,134.075818189144,88.3112553913555,182.37923763114,-148.411605735289,417.087671275227,6,2845,"1DgVVW"
"570",135.434256282186,134.874724258227,89.5740574256214,184.11950267877,-147.901625463577,420.135359184629,6,2900,"1DgVVW"
"571",139.584077491577,137.729510375167,92.9770433191259,188.665029529196,-144.899214669828,419.262168803109,6,3051,"1DgVVW"
"572",147.762603529313,145.999124551424,99.7662390310729,197.60641487694,-136.571810149487,427.293838116989,6,3367,"1DgVVW"
"573",152.686061059105,152.073771944731,104.027551502626,203.014767461537,-132.893453344702,433.892022959214,6,3570,"1DgVVW"
"574",17.630995115313,16.530856767398,8.35999273772268,31.6312525927021,-263.229961178141,292.238846420028,7,150,"1DgVW"
"575",23.9418633511822,26.0443651868776,11.4923379135949,42.4259244295301,-255.758156798665,305.431024880511,7,209,"1DgVW"
"576",33.9187409343247,32.2761081120289,16.6106170457288,58.9391791210981,-247.327376700358,311.091851938782,7,308,"1DgVW"
"577",117.763545902374,118.632107278923,69.2748450788042,173.795504245634,-161.510350765239,399.605065466152,7,1528,"1DgVW"
"578",122.019235802194,122.703620589271,72.4206962860157,178.684495236091,-159.228800647264,406.484090660744,7,1616,"1DgVW"
"579",122.634058819546,121.319082043795,72.8757972396802,179.449820554856,-158.848643630128,402.940120330065,7,1629,"1DgVW"
"580",123.198505293828,121.926363062808,73.3070355433926,180.060507745378,-162.611203808683,407.96550733573,7,1641,"1DgVW"
"581",126.706209851619,126.853584535507,76.0177932349915,183.971107821632,-156.978238894013,410.858872859023,7,1717,"1DgVW"
"582",127.880289519363,127.022350001159,76.9070315027294,185.306674150561,-157.876770849248,413.185143548488,7,1743,"1DgVW"
"583",127.880289519363,128.558620377248,76.9070315027294,185.306674150561,-155.434758901429,415.761413290531,7,1743,"1DgVW"
"584",131.803460223258,131.567456759123,79.8997844015195,189.493118016355,-149.030097150653,411.381185436801,7,1832,"1DgVW"
"585",133.008022114204,134.379696950305,80.8207476223703,190.844716502116,-146.448416214389,418.692841064511,7,1860,"1DgVW"
"586",134.49440165214,133.638633011808,81.9696661647714,192.470634420822,-150.37585888747,414.850742351937,7,1895,"1DgVW"
"587",139.474066904547,139.092258404234,85.9199275661774,197.778366038416,-145.149174079776,423.154644282767,7,2016,"1DgVW"
"588",139.794911046111,140.338813383903,86.1734756316247,198.133994433086,-142.438691898456,422.943417146101,7,2024,"1DgVW"
"589",141.186788277051,142.328579389474,87.2912900719601,199.648333100926,-138.779454736467,427.124352519866,7,2059,"1DgVW"
"590",149.227362956859,152.323107437935,93.9626903335471,207.922364322851,-133.691606437823,434.062275202562,7,2271,"1DgVW"
"591",149.336576635696,149.658396274872,94.0543920443491,208.017594569237,-130.875119126975,434.432809117707,7,2274,"1DgVW"
"592",151.921601896256,150.790546200658,96.2333976871409,210.608196770322,-130.053240002855,436.502494484089,7,2346,"1DgVW"
"593",153.083722258882,153.452583534457,97.2194844781371,211.744740712959,-130.046159193671,437.371902942845,7,2379,"1DgVW"
"594",153.188677287701,152.717815414685,97.3090127958979,211.856035594724,-133.25743375406,435.558866955605,7,2382,"1DgVW"
"595",177.976564490514,178.500760101265,119.227168283081,235.709299253581,-101.357472509673,461.495252867318,7,3195,"1DgVW"
"596",179.793269724636,179.521598940173,120.907486026493,237.5200026264,-105.114905899821,463.648692494,7,3264,"1DgVW"
"597",181.546366679514,180.304403341416,122.553615689102,239.169371906475,-102.99769629671,464.590432858839,7,3332,"1DgVW"
"598",182.73706327257,182.475305008866,123.719944684758,240.291140743435,-98.8931128006968,467.842649136883,7,3379,"1DgVW"
"599",183.886219838402,185.426036318276,124.801431156618,241.319914939315,-98.6339323056233,475.23067512289,7,3425,"1DgVW"
"600",201.305836658215,200.958277305156,141.673688594467,257.320524825306,-83.6984524104382,483.964569376174,7,4209,"1DgVW"
